"date","theme","topic","index_within_date","new_word","theme_upper","category","content_length"
2020-01-17,"TRAVEL_ADVISORY","Travel Advisory.pdf",1,"Travel Advisory","TRAVEL_ADVISORY","TRAVEL_ADVISORY",2
2020-01-25,"TRAVEL_ADVISORY","Travel Advisory.pdf",1,"Travel Advisory","TRAVEL_ADVISORY","TRAVEL_ADVISORY",2
2020-02-05,"TRAVEL_ADVISORY","Travel Advisory.pdf",1,"Travel Advisory","TRAVEL_ADVISORY","TRAVEL_ADVISORY",2
2020-02-26,"TRAVEL_ADVISORY","Travel Advisory.pdf",1,"Travel Advisory","TRAVEL_ADVISORY","TRAVEL_ADVISORY",2
2020-03-02,"TRAVEL_ADVISORY","Travel Advisory.pdf",1,"Travel Advisory","TRAVEL_ADVISORY","TRAVEL_ADVISORY",2
2020-03-05,"CITIZENS","Advisory - Mass Gatherings.pdf",1,"Advisory - Mass Gatherings","CITIZENS","CITIZENS",4
2020-03-05,"TRAVEL_ADVISORY"," Travel Advisory.pdf",1," Travel Advisory","TRAVEL_ADVISORY","TRAVEL_ADVISORY",2
2020-03-05,"TRAVEL_ADVISORY","Travel Advisory.pdf",2,"Travel Advisory","TRAVEL_ADVISORY","TRAVEL_ADVISORY",2
2020-03-06,"AWARENESS"," Do's and Don't Poster in English.pdf",1," Do's and Don't Poster in English","AWARENESS","AWARENESS",6
2020-03-06,"AWARENESS"," Do's and Don't Poster in Hindi.pdf",2," Do's and Don't Poster in Hindi","AWARENESS","AWARENESS",6
2020-03-06,"EMPLOYEES"," Advisory for Exemption to mark biometric attendance in AEBAS.pdf",1," Advisory for Exemption to mark biometric attendance in AEBAS","EMPLOYEES","OTHERS",9
2020-03-06,"TRAVEL_ADVISORY"," Travel Advisory.pdf",1," Travel Advisory","TRAVEL_ADVISORY","TRAVEL_ADVISORY",2
2020-03-09,"AWARENESS"," KIDS, VAAYU & CORONA -Comic book for children to provide correct information about COVID-19.pdf",1," KIDS, VAAYU & CORONA -Comic book for children to provide correct information about COVID-19","AWARENESS","AWARENESS",14
2020-03-10,"TRAVEL_ADVISORY"," Additional Travel Advisory.pdf",1," Additional Travel Advisory","TRAVEL_ADVISORY","TRAVEL_ADVISORY",3
2020-03-10,"TRAVEL_ADVISORY"," Standard Operating Procedure (SOP) for COVID-19 Management- International Cruise Ships at major Indian Ports.pdf",2," Standard Operating Procedure (SOP) for COVID-19 Management- International Cruise Ships at major Indian Ports","TRAVEL_ADVISORY","TRAVEL_ADVISORY",14
2020-03-10,"TRAVEL_ADVISORY"," Travel Advisory (Home Isolation).pdf",3," Travel Advisory (Home Isolation)","TRAVEL_ADVISORY","TRAVEL_ADVISORY",4
2020-03-11,"CITIZENS","Guidelines for home quarantine.pdf",1,"Guidelines for home quarantine","CITIZENS","CITIZENS",4
2020-03-11,"TRAVEL_ADVISORY"," Consolidated Travel Advisory - 11 March 2020.pdf",1," Consolidated Travel Advisory - 11 March 2020","TRAVEL_ADVISORY","TRAVEL_ADVISORY",7
2020-03-11,"TRAVEL_ADVISORY"," Decisions- High level Group of Ministers meeting to review current status and actions for prevention and management of COVID-19.pdf",2," Decisions- High level Group of Ministers meeting to review current status and actions for prevention and management of COVID-19","TRAVEL_ADVISORY","TRAVEL_ADVISORY",19
2020-03-11,"TRAVEL_ADVISORY"," Visa restrictions issued by Bureau of Immigration (BOI) after meeting of GoM on COVID19 - 11 March 2020.pdf",3," Visa restrictions issued by Bureau of Immigration (BOI) after meeting of GoM on COVID19 - 11 March 2020","TRAVEL_ADVISORY","TRAVEL_ADVISORY",18
2020-03-13,"TRAVEL_ADVISORY"," Restrictions on International passenger traffic through land check posts-COVID 19.pdf",1," Restrictions on International passenger traffic through land check posts-COVID 19","TRAVEL_ADVISORY","TRAVEL_ADVISORY",10
2020-03-14,"TRAVEL_ADVISORY"," Restrictions on International passenger traffic through Land Check Posts.pdf",1," Restrictions on International passenger traffic through Land Check Posts","TRAVEL_ADVISORY","TRAVEL_ADVISORY",9
2020-03-16,"CITIZENS","Advisory - Social Distancing.pdf",1,"Advisory - Social Distancing","CITIZENS","CITIZENS",4
2020-03-16,"TRAVEL_ADVISORY"," Additional Travel Advisory.pdf",1," Additional Travel Advisory","TRAVEL_ADVISORY","TRAVEL_ADVISORY",3
2020-03-17,"TRAVEL_ADVISORY"," Additional Travel Advisory.pdf",1," Additional Travel Advisory","TRAVEL_ADVISORY","TRAVEL_ADVISORY",3
2020-03-18,"EMPLOYEES"," DO Letter from Secretary, DoHFW to State Chief Secretaries regarding Social Distancing Measures.pdf",1," DO Letter from Secretary, DoHFW to State Chief Secretaries regarding Social Distancing Measures","EMPLOYEES","OTHERS",13
2020-03-18,"EMPLOYEES"," DoPT OM - Preventive measures to be taken to contain the spread of Novel Coronavirus (COVID-19).pdf",2," DoPT OM - Preventive measures to be taken to contain the spread of Novel Coronavirus (COVID-19)","EMPLOYEES","OTHERS",16
2020-03-18,"OFFICIAL"," Directives from MoHRD for all Educational Institutions and Examination Boards regarding precautions to be taken in light of COVID-19.pdf",1," Directives from MoHRD for all Educational Institutions and Examination Boards regarding precautions to be taken in light of COVID-19","OFFICIAL","OFFICIAL",19
2020-03-18,"OFFICIAL"," DO Letter from Secretary, DoHFW to State Chief Secretaries regarding Social Distancing Measures.pdf",2," DO Letter from Secretary, DoHFW to State Chief Secretaries regarding Social Distancing Measures","OFFICIAL","OFFICIAL",13
2020-03-18,"OFFICIAL"," DoPT OM - Preventive measures to be taken to contain the spread of Novel Coronavirus (COVID-19).pdf",3," DoPT OM - Preventive measures to be taken to contain the spread of Novel Coronavirus (COVID-19)","OFFICIAL","OFFICIAL",16
2020-03-18,"OFFICIAL"," Letter from Department of Food & Public Distribution regarding Hand Sanitizer Production and Availability.pdf",4," Letter from Department of Food & Public Distribution regarding Hand Sanitizer Production and Availability","OFFICIAL","OFFICIAL",14
2020-03-18,"OFFICIAL"," Monitoring of the quality standards of hand Sanitizers.pdf",5," Monitoring of the quality standards of hand Sanitizers","OFFICIAL","OFFICIAL",8
2020-03-18,"TRAVEL_ADVISORY"," Standard Operating Procedure for Passenger Movement post Disembarkation.pdf",1," Standard Operating Procedure for Passenger Movement post Disembarkation","TRAVEL_ADVISORY","TRAVEL_ADVISORY",8
2020-03-19,"AWARENESS"," Posters for Indians traveling from abroad - English.pdf",1," Posters for Indians traveling from abroad - English","AWARENESS","AWARENESS",8
2020-03-19,"AWARENESS"," Posters for Indians traveling from abroad - Hindi.pdf",2," Posters for Indians traveling from abroad - Hindi","AWARENESS","AWARENESS",8
2020-03-19,"OFFICIAL"," Advisory from Department of Sports for Sports Organizations.pdf",1," Advisory from Department of Sports for Sports Organizations","OFFICIAL","OFFICIAL",8
2020-03-19,"OFFICIAL"," DOPT OM - Preventive measures to contain the spread of COVID-19 in Training Institutes.pdf",2," DOPT OM - Preventive measures to contain the spread of COVID-19 in Training Institutes","OFFICIAL","OFFICIAL",14
2020-03-19,"TRAVEL_ADVISORY"," Additional Travel Advisory.pdf",1," Additional Travel Advisory","TRAVEL_ADVISORY","TRAVEL_ADVISORY",3
2020-03-20,"OFFICIAL"," Instructions to all major and minor ports for dealing with(COVID-19).pdf",1," Instructions to all major and minor ports for dealing with(COVID-19)","OFFICIAL","OFFICIAL",10
2020-03-20,"OFFICIAL"," Letter from Secretary, Dept of Higher Education or School Education regarding Digital or e-Learning.pdf",2," Letter from Secretary, Dept of Higher Education or School Education regarding Digital or e-Learning","OFFICIAL","OFFICIAL",14
2020-03-20,"OFFICIAL"," SOP for Mock Drill on 22nd March 2020 for Hospital Preparedness.pdf",3," SOP for Mock Drill on 22nd March 2020 for Hospital Preparedness","OFFICIAL","OFFICIAL",11
2020-03-20,"TRAVEL_ADVISORY"," Instructions to all major and minor ports for dealing with(COVID-19).pdf",1," Instructions to all major and minor ports for dealing with(COVID-19)","TRAVEL_ADVISORY","TRAVEL_ADVISORY",10
2020-03-21,"OFFICIAL"," Revised Guidelines or Strategy for COVID-19 testing by Indian Council of Medical Research (ICMR).pdf",1," Revised Guidelines or Strategy for COVID-19 testing by Indian Council of Medical Research (ICMR)","OFFICIAL","OFFICIAL",14
2020-03-22,"AWARENESS"," KIDS, VAAYU & CORONA- Comic book for children to provide correct information about COVID-19 - Part 2.pdf",1," KIDS, VAAYU & CORONA- Comic book for children to provide correct information about COVID-19 - Part 2","AWARENESS","AWARENESS",17
2020-03-22,"OFFICIAL"," D.O. Letter from Cabinet Secretary to Chief Secretaries for management and containment of COVID-19 dated 22.03.2020.pdf",1," D.O. Letter from Cabinet Secretary to Chief Secretaries for management and containment of COVID-19 dated 22.03.2020","OFFICIAL","OFFICIAL",16
2020-03-23,"AWARENESS"," Posters for Safety measures against COVID -19- English.pdf",1," Posters for Safety measures against COVID -19- English","AWARENESS","AWARENESS",8
2020-03-23,"AWARENESS"," Posters for Safety measures against COVID -19- Hindi.pdf",2," Posters for Safety measures against COVID -19- Hindi","AWARENESS","AWARENESS",8
2020-03-23,"OFFICIAL"," D.O. Letter from Cabinet Secretary to Chief Secretaries for management and containment of COVID-19 dated 23.03.2020.pdf",1," D.O. Letter from Cabinet Secretary to Chief Secretaries for management and containment of COVID-19 dated 23.03.2020","OFFICIAL","OFFICIAL",16
2020-03-23,"OFFICIAL"," Letter from Ministry of Home Affairs - Restrictions on international passenger traffic through Authorized Immigration Check Posts in view of the COVID-19.pdf",2," Letter from Ministry of Home Affairs - Restrictions on international passenger traffic through Authorized Immigration Check Posts in view of the COVID-19","OFFICIAL","OFFICIAL",22
2020-03-23,"OFFICIAL"," Office Order from Ministry of Shipping - State Government or Union Territories have issued prohibitory orders, Imposing restrictions on non-essential services in view of the COVID-19.pdf",3," Office Order from Ministry of Shipping - State Government or Union Territories have issued prohibitory orders, Imposing restrictions on non-essential services in view of the COVID-19","OFFICIAL","OFFICIAL",26
2020-03-24,"OFFICIAL"," Annexure to Ministry of Home Affairs Order No. 40-3,2020-D Dated 24-3-2020..pdf",1," Annexure to Ministry of Home Affairs Order No. 40-3,2020-D Dated 24-3-2020.","OFFICIAL","OFFICIAL",11
2020-03-24,"OFFICIAL"," D.O. Letter 2 from Cabinet Secretary to Chief Secretaries for management and containment of COVID-19 dated 24.03.2020.pdf",2," D.O. Letter 2 from Cabinet Secretary to Chief Secretaries for management and containment of COVID-19 dated 24.03.2020","OFFICIAL","OFFICIAL",17
2020-03-24,"OFFICIAL"," D.O. Letter 3 from Secretary, Human Resource Development to Chief Secretaries for temporary Medical camps in Jawahar Navodaya Vidyalayas dated 24th March 2020.pdf",3," D.O. Letter 3 from Secretary, Human Resource Development to Chief Secretaries for temporary Medical camps in Jawahar Navodaya Vidyalayas dated 24th March 2020","OFFICIAL","OFFICIAL",23
2020-03-24,"OFFICIAL"," D.O. Letter from Cabinet Secretary to Chief Secretaries for management and containment of COVID-19 dated 24.03.2020.pdf",4," D.O. Letter from Cabinet Secretary to Chief Secretaries for management and containment of COVID-19 dated 24.03.2020","OFFICIAL","OFFICIAL",16
2020-03-24,"OFFICIAL"," D.O. Letter from Secretary Shipping to States for smooth carrying of goods to & from ports.pdf",5," D.O. Letter from Secretary Shipping to States for smooth carrying of goods to & from ports","OFFICIAL","OFFICIAL",16
2020-03-24,"OFFICIAL"," D.O. Letter from Secretary, Human Resource Development to Chief Secretaries for temporary Medical camps in Jawahar Navodaya Vidyalayas dated 24th March 2020.pdf",6," D.O. Letter from Secretary, Human Resource Development to Chief Secretaries for temporary Medical camps in Jawahar Navodaya Vidyalayas dated 24th March 2020","OFFICIAL","OFFICIAL",22
2020-03-24,"OFFICIAL"," DO Letter of Home Secretary regarding urgent need to take stringent actions to contain the spread of COVID-19..pdf",7," DO Letter of Home Secretary regarding urgent need to take stringent actions to contain the spread of COVID-19.","OFFICIAL","OFFICIAL",18
2020-03-24,"OFFICIAL"," Guidelines on rational use of Personal Protective Equipment.pdf",8," Guidelines on rational use of Personal Protective Equipment","OFFICIAL","OFFICIAL",8
2020-03-24,"OFFICIAL"," Letter from Ministry of Consumer Affairs, Food & Public Distribution to States to ensure availability of Ethyl Alcohol Ethanol to the manufacturers of hand sanitizers to contain COVID l9.pdf",9," Letter from Ministry of Consumer Affairs, Food & Public Distribution to States to ensure availability of Ethyl Alcohol Ethanol to the manufacturers of hand sanitizers to contain COVID l9","OFFICIAL","OFFICIAL",29
2020-03-24,"OFFICIAL"," Model Micro-plan for containment of local transmission of COVID-19.pdf",10," Model Micro-plan for containment of local transmission of COVID-19","OFFICIAL","OFFICIAL",9
2020-03-25,"AWARENESS"," Role of Frontline Workers in Prevention and Management of CORONA VIRUS- English.pdf",1," Role of Frontline Workers in Prevention and Management of CORONA VIRUS- English","AWARENESS","AWARENESS",12
2020-03-25,"AWARENESS"," Role of Frontline Workers in Prevention and Management of CORONA VIRUS- Hindi.pdf",2," Role of Frontline Workers in Prevention and Management of CORONA VIRUS- Hindi","AWARENESS","AWARENESS",12
2020-03-26,"CITIZENS","Gazette Notification - Hydroxychloroquine now a schedule H1 drug, can be sold on prescription only.pdf",1,"Gazette Notification - Hydroxychloroquine now a schedule H1 drug, can be sold on prescription only","CITIZENS","CITIZENS",15
2020-03-26,"CITIZENS","Press Note on Pradhan Mantri Garib Kalyan Yojna package from Ministry of Finance.pdf",2,"Press Note on Pradhan Mantri Garib Kalyan Yojna package from Ministry of Finance","CITIZENS","CITIZENS",13
2020-03-26,"OFFICIAL"," D.O. Letter from Cabinet Secretary to Chief Secretaries for management and containment of COVID-19 dated 26.03.2020.pdf",1," D.O. Letter from Cabinet Secretary to Chief Secretaries for management and containment of COVID-19 dated 26.03.2020","OFFICIAL","OFFICIAL",16
2020-03-26,"OFFICIAL"," Gazette Notification - Hydroxychloroquine now a schedule H1 drug, can be sold on prescription only.pdf",2," Gazette Notification - Hydroxychloroquine now a schedule H1 drug, can be sold on prescription only","OFFICIAL","OFFICIAL",15
2020-03-27,"CITIZENS","Office Memorandum-CGHS-Reimbursement of OPD Medicines Special Sanction in view of COVID-19.pdf",1,"Office Memorandum-CGHS-Reimbursement of OPD Medicines Special Sanction in view of COVID-19","CITIZENS","CITIZENS",11
2020-03-27,"CITIZENS","Office Order-CGHS-Guidelines in View of COVID-19.pdf",2,"Office Order-CGHS-Guidelines in View of COVID-19","CITIZENS","CITIZENS",6
2020-03-27,"CITIZENS","Office Order-CGHS-Guidelines in view of the Corona Virus (COVID-19) Infection-issue of medicines.pdf",3,"Office Order-CGHS-Guidelines in view of the Corona Virus (COVID-19) Infection-issue of medicines","CITIZENS","CITIZENS",12
2020-03-28,"AWARENESS"," 1. A letter from HFM to the Health Administrators.pdf",1," 1. A letter from HFM to the Health Administrators","AWARENESS","AWARENESS",9
2020-03-28,"AWARENESS"," 2.pdf",2," 2","AWARENESS","AWARENESS",1
2020-03-28,"AWARENESS"," 4.pdf",3," 4","AWARENESS","AWARENESS",1
2020-03-28,"OFFICIAL"," Letter from National Pharmaceutical Pricing Authority (NPPA) to states for Ensuring availability and distribution of Masks, Gloves and Sanitizers.pdf",1," Letter from National Pharmaceutical Pricing Authority (NPPA) to states for Ensuring availability and distribution of Masks, Gloves and Sanitizers","OFFICIAL","OFFICIAL",19
2020-03-28,"TRAINING"," Webinar schedule for Nursing officers training of COVID-19 in AIIMS New Delhi.pdf",1," Webinar schedule for Nursing officers training of COVID-19 in AIIMS New Delhi","TRAINING","OTHERS",12
2020-03-29,"AWARENESS"," Poster on Social distancing in a market place during COVID -19(English).pdf",1," Poster on Social distancing in a market place during COVID -19(English)","AWARENESS","AWARENESS",11
2020-03-29,"AWARENESS"," Poster on Social distancing in a market place during COVID -19(Hindi).pdf",2," Poster on Social distancing in a market place during COVID -19(Hindi)","AWARENESS","AWARENESS",11
2020-03-29,"CITIZENS"," Guidelines on disinfection of common public places including offices.pdf",1," Guidelines on disinfection of common public places including offices","CITIZENS","CITIZENS",9
2020-03-29,"CITIZENS"," Health Advisory for Elderly Population of India during COVID-19.pdf",2," Health Advisory for Elderly Population of India during COVID-19","CITIZENS","CITIZENS",9
2020-03-29,"OFFICIAL"," Guidelines on disinfection of common public places including offices.pdf",1," Guidelines on disinfection of common public places including offices","OFFICIAL","OFFICIAL",9
2020-03-29,"OFFICIAL"," Standard Operating Procedure (SOP) for transporting a suspect or confirmed case of COVID-19.pdf",2," Standard Operating Procedure (SOP) for transporting a suspect or confirmed case of COVID-19","OFFICIAL","OFFICIAL",13
2020-03-30,"OFFICIAL"," D.O Letter from Home Secretary to all Secretaries of Government Of India on movement of Goods dated 29.03.2020.pdf",1," D.O Letter from Home Secretary to all Secretaries of Government Of India on movement of Goods dated 29.03.2020","OFFICIAL","OFFICIAL",18
2020-03-30,"TRAINING"," Training Resources.pdf",1," Training Resources","TRAINING","OTHERS",2
2020-03-31,"AWARENESS"," Handling Public Grievances pertaining to COVID 19 IN Mo Health & Family Welfare.pdf",1," Handling Public Grievances pertaining to COVID 19 IN Mo Health & Family Welfare","AWARENESS","AWARENESS",13
2020-03-31,"PSYCHOSOCIAL"," Minding our minds during the COVID-19.pdf",1," Minding our minds during the COVID-19","PSYCHOSOCIAL","OTHERS",6
2020-03-31,"TRAINING"," Revised Webinar schedule of COVID-19 of AIIMS New Delhi.pdf",1," Revised Webinar schedule of COVID-19 of AIIMS New Delhi","TRAINING","OTHERS",9
2020-04-01,"PSYCHOSOCIAL"," Psychosocial issues among migrants during COVID-19.pdf",1," Psychosocial issues among migrants during COVID-19","PSYCHOSOCIAL","OTHERS",6
2020-04-01,"PSYCHOSOCIAL"," Taking care of mental health of children during COVID - 19.pdf",2," Taking care of mental health of children during COVID - 19","PSYCHOSOCIAL","OTHERS",11
2020-04-01,"PSYCHOSOCIAL"," Taking care of mental health of elderly during COVID -19.pdf",3," Taking care of mental health of elderly during COVID -19","PSYCHOSOCIAL","OTHERS",10
2020-04-02,"TRAINING"," Advisory for Human Resource Management of COVID-19.pdf",1," Advisory for Human Resource Management of COVID-19","TRAINING","OTHERS",7
2020-04-02,"TRAINING"," Revised Webinar schedule for training of Nursing officers on COVID-19 by AIIMS New Delhi.pdf",2," Revised Webinar schedule for training of Nursing officers on COVID-19 by AIIMS New Delhi","TRAINING","OTHERS",14
2020-04-02,"TRAINING"," Webinar schedule for training of Physicians officers on COVID-19 by AIIMS New Delhi.pdf",3," Webinar schedule for training of Physicians officers on COVID-19 by AIIMS New Delhi","TRAINING","OTHERS",13
2020-04-03,"CITIZENS"," Advisory & Manual on use of Homemade Protective Cover for Face & Mouth.pdf",1," Advisory & Manual on use of Homemade Protective Cover for Face & Mouth","CITIZENS","CITIZENS",13
2020-04-03,"CITIZENS"," DO Letter of Secretary Ministry of Human Resource Development for Arogya Setu App and Light Candle at 09 00 PM on 5 April 2020 for 9 Minute..pdf",2," DO Letter of Secretary Ministry of Human Resource Development for Arogya Setu App and Light Candle at 09 00 PM on 5 April 2020 for 9 Minute.","CITIZENS","CITIZENS",27
2020-04-03,"OFFICIAL"," DO Letter of Secretary, Ministry of Human Resource Development for Arogya Setu App, and Light Candle at 09 00 PM on 5 April 2020 for 9 Minute.pdf",1," DO Letter of Secretary, Ministry of Human Resource Development for Arogya Setu App, and Light Candle at 09 00 PM on 5 April 2020 for 9 Minute","OFFICIAL","OFFICIAL",27
2020-04-03,"OFFICIAL"," Request to States or UTs to provide support to ICMR Labs doing COVID-19 Testing.pdf",2," Request to States or UTs to provide support to ICMR Labs doing COVID-19 Testing","OFFICIAL","OFFICIAL",14
2020-04-04,"OFFICIAL"," Letter to States or UTs and Heads of all the Associations of Doctors or Healthcare providers regarding 'Pradhan Mantri Garib Kalyan Package- Insurance Scheme with Forms.pdf",1," Letter to States or UTs and Heads of all the Associations of Doctors or Healthcare providers regarding 'Pradhan Mantri Garib Kalyan Package- Insurance Scheme with Forms","OFFICIAL","OFFICIAL",26
2020-04-04,"OFFICIAL"," Letter to States or UTs with Control Room Emergency contact numbers of All India Industrial Gases Manufacturer’s Association.pdf",2," Letter to States or UTs with Control Room Emergency contact numbers of All India Industrial Gases Manufacturer’s Association","OFFICIAL","OFFICIAL",18
2020-04-05,"CITIZENS"," Guidelines for Handling Treatment and Disposal of Waste Generated during Treatment Diagnosis Quarantine of COVID-19 Patients.pdf",1," Guidelines for Handling Treatment and Disposal of Waste Generated during Treatment Diagnosis Quarantine of COVID-19 Patients","CITIZENS","CITIZENS",16
2020-04-05,"CITIZENS"," Guidelines for Quarantine facilities COVID-19.pdf",2," Guidelines for Quarantine facilities COVID-19","CITIZENS","CITIZENS",5
2020-04-05,"OFFICIAL"," Advisory issued by Ministry of Rural Development to the State Rural Livelihoods Missions on actions to be taken to address the COVID 19 outbreak.pdf",1," Advisory issued by Ministry of Rural Development to the State Rural Livelihoods Missions on actions to be taken to address the COVID 19 outbreak","OFFICIAL","OFFICIAL",24
2020-04-05,"OFFICIAL"," Guidelines for Handling, Treatment and Disposal of Waste Generated during Treatment or Diagnosis or Quarantine of COVID-19 Patients.pdf",2," Guidelines for Handling, Treatment and Disposal of Waste Generated during Treatment or Diagnosis or Quarantine of COVID-19 Patients","OFFICIAL","OFFICIAL",18
2020-04-05,"OFFICIAL"," Guidelines for Quarantine facilities COVID-19.pdf",3," Guidelines for Quarantine facilities COVID-19","OFFICIAL","OFFICIAL",5
2020-04-06,"TRAINING"," Updated List of Training Resources for COVID - 19 Management.pdf",1," Updated List of Training Resources for COVID - 19 Management","TRAINING","OTHERS",10
2020-04-07,"CITIZENS"," Ministry of AYUSH advise on immunity boosting measures for self care during COVID 19 crisis.pdf",1," Ministry of AYUSH advise on immunity boosting measures for self care during COVID 19 crisis","CITIZENS","CITIZENS",15
2020-04-07,"CITIZENS"," Revised Guidelines for Dialysis of COVID – 19 patients.pdf",2," Revised Guidelines for Dialysis of COVID – 19 patients","CITIZENS","CITIZENS",9
2020-04-07,"CITIZENS","Pradhan Mantri Garib Kalyan Package Insurance Scheme for Health Workers Fighting COVID 19  FAQs.pdf",3,"Pradhan Mantri Garib Kalyan Package Insurance Scheme for Health Workers Fighting COVID 19  FAQs","CITIZENS","CITIZENS",14
2020-04-07,"HOSPITALS"," Revised Guidelines for Dialysis of COVID – 19 patients.pdf",1," Revised Guidelines for Dialysis of COVID – 19 patients","HOSPITALS","HOSPITALS",9
2020-04-07,"OFFICIAL"," Guidance document on appropriate management of suspect or confirmed cases of COVID-19 - Types of Covid-19 dedicated facilities.pdf",1," Guidance document on appropriate management of suspect or confirmed cases of COVID-19 - Types of Covid-19 dedicated facilities","OFFICIAL","OFFICIAL",18
2020-04-07,"OFFICIAL"," Ministry of AYUSH advise on immunity boosting measures for self care during COVID 19 crisis.pdf",2," Ministry of AYUSH advise on immunity boosting measures for self care during COVID 19 crisis","OFFICIAL","OFFICIAL",15
2020-04-07,"OFFICIAL"," Pradhan Mantri Garib Kalyan Package- Insurance Scheme for Health Workers Fighting COVID-19 - FAQs.pdf",3," Pradhan Mantri Garib Kalyan Package- Insurance Scheme for Health Workers Fighting COVID-19 - FAQs","OFFICIAL","OFFICIAL",14
2020-04-07,"TRAINING"," iGOT Training Modules for COVID-19 Management.pdf",1," iGOT Training Modules for COVID-19 Management","TRAINING","OTHERS",6
2020-04-08,"PSYCHOSOCIAL"," Addressing Social Stigma Associated with COVID-19.pdf",1," Addressing Social Stigma Associated with COVID-19","PSYCHOSOCIAL","OTHERS",6
2020-04-08,"OFFICIAL"," Release of funds to States or UTs under NHM for Emergency Response and Health System Preparedness Package for COVID-19.pdf",1," Release of funds to States or UTs under NHM for Emergency Response and Health System Preparedness Package for COVID-19","OFFICIAL","OFFICIAL",19
2020-04-09,"HOSPITALS"," Advisory for Voluntary Blood Donation during COVID- 19 scenario.pdf",1," Advisory for Voluntary Blood Donation during COVID- 19 scenario","HOSPITALS","HOSPITALS",9
2020-04-09,"OFFICIAL"," Advisory for Voluntary Blood Donation during COVID- 19 scenario.pdf",1," Advisory for Voluntary Blood Donation during COVID- 19 scenario","OFFICIAL","OFFICIAL",9
2020-04-11,"OFFICIAL"," Letter from Ministry of Home Affairs to Administrators, DGPs of all States or UTs and CP Delhi regarding Security to all Doctors , Staff of Hospitals in respect of COVID-19.pdf",1," Letter from Ministry of Home Affairs to Administrators, DGPs of all States or UTs and CP Delhi regarding Security to all Doctors , Staff of Hospitals in respect of COVID-19","OFFICIAL","OFFICIAL",30
2020-04-11,"OFFICIAL"," Orders of Ministry of Home Affairs to Ministries or States or UTs for exemption to Fishing.pdf",2," Orders of Ministry of Home Affairs to Ministries or States or UTs for exemption to Fishing","OFFICIAL","OFFICIAL",16
2020-04-14,"HOSPITALS"," Advisory on feasibility of using pooled samples for molecular testing of COVID19 by ICMR.pdf",1," Advisory on feasibility of using pooled samples for molecular testing of COVID19 by ICMR","HOSPITALS","HOSPITALS",14
2020-04-14,"OFFICIAL"," Advisory for effective management & ensuring safe drinking water during lock down due to COVID-19.pdf",1," Advisory for effective management & ensuring safe drinking water during lock down due to COVID-19","OFFICIAL","OFFICIAL",15
2020-04-14,"OFFICIAL"," Advisory on feasibility of using pooled samples for molecular testing of COVID-19 by ICMR.pdf",2," Advisory on feasibility of using pooled samples for molecular testing of COVID-19 by ICMR","OFFICIAL","OFFICIAL",14
2020-04-14,"OFFICIAL"," uidance note for enabling Delivery of Essential Health Services during the COVID 19 Outbreak.pdf",3," uidance note for enabling Delivery of Essential Health Services during the COVID 19 Outbreak","OFFICIAL","OFFICIAL",14
2020-04-17,"HOSPITALS"," Guidelines issued by ICMR for Rapid antibody test' in Hotspot Area'.pdf",1," Guidelines issued by ICMR for Rapid antibody test' in Hotspot Area'","HOSPITALS","HOSPITALS",11
2020-04-17,"OFFICIAL"," Guidelines issued by ICMR for Rapid antibody test' in Hotspot Area'.pdf",1," Guidelines issued by ICMR for Rapid antibody test' in Hotspot Area'","OFFICIAL","OFFICIAL",11
2020-04-18,"AWARENESS"," Information for general public on use of necessary medicines for COVID -19(Poster).pdf",1," Information for general public on use of necessary medicines for COVID -19(Poster)","AWARENESS","AWARENESS",12
2020-04-18,"CITIZENS"," Advisory against spraying of disinfectant on people for COVID-19 management.pdf",1," Advisory against spraying of disinfectant on people for COVID-19 management","CITIZENS","CITIZENS",10
2020-04-18,"CITIZENS"," EoI cum Bid Document for Procurement of Medical Oxygen Cylinder on urgent basis during COVID 19 situation.pdf",2," EoI cum Bid Document for Procurement of Medical Oxygen Cylinder on urgent basis during COVID 19 situation","CITIZENS","CITIZENS",17
2020-04-18,"HOSPITALS"," Advisory against spraying of disinfectant on people for COVID-19 management.pdf",1," Advisory against spraying of disinfectant on people for COVID-19 management","HOSPITALS","HOSPITALS",10
2020-04-18,"HOSPITALS"," Modification in Medicine List in Telemedicine Practice Guidelines.pdf",2," Modification in Medicine List in Telemedicine Practice Guidelines","HOSPITALS","HOSPITALS",8
2020-04-18,"OFFICIAL"," Advisory against spraying of disinfectant on people for COVID-19 management.pdf",1," Advisory against spraying of disinfectant on people for COVID-19 management","OFFICIAL","OFFICIAL",10
2020-04-19,"INSPIRATIONAL"," Not to discriminate against service providers.jfif",1," Not to discriminate against service providers","INSPIRATIONAL","OTHERS",6
2020-04-19,"INSPIRATIONAL"," Stigmatization against Covid Warriors( Hindi).jfif",2," Stigmatization against Covid Warriors( Hindi)","INSPIRATIONAL","OTHERS",5
2020-04-20,"HOSPITALS"," Guidelines to be followed on detection of suspect or confirmed COVID19 case in a non COVID Health Facility.pdf",1," Guidelines to be followed on detection of suspect or confirmed COVID19 case in a non COVID Health Facility","HOSPITALS","HOSPITALS",18
2020-04-20,"INSPIRATIONAL"," Support to healthcare workers.jfif",1," Support to healthcare workers","INSPIRATIONAL","OTHERS",4
2020-04-20,"OFFICIAL"," Directions from Ministry of Home Affairs to State for promotion of Voluntary Blood Donation.pdf",1," Directions from Ministry of Home Affairs to State for promotion of Voluntary Blood Donation","OFFICIAL","OFFICIAL",14
2020-04-20,"OFFICIAL"," Guidelines to be followed on detection of suspect or confirmed COVID-19 case in a non-COVID Health Facility.pdf",2," Guidelines to be followed on detection of suspect or confirmed COVID-19 case in a non-COVID Health Facility","OFFICIAL","OFFICIAL",17
2020-04-20,"OFFICIAL"," Hon'ble HFM Letter to States or UT's regarding Blood & Blood Disorders.pdf",3," Hon'ble HFM Letter to States or UT's regarding Blood & Blood Disorders","OFFICIAL","OFFICIAL",12
2020-04-21,"INSPIRATIONAL"," Thank you healthcare workers( Hindi).jfif",1," Thank you healthcare workers( Hindi)","INSPIRATIONAL","OTHERS",5
2020-04-22,"OFFICIAL"," Measures Undertaken To Ensure Safety Of Health Workers Drafted For COVID-19 Services.pdf",1," Measures Undertaken To Ensure Safety Of Health Workers Drafted For COVID-19 Services","OFFICIAL","OFFICIAL",12
2020-05-05,"AWARENESS"," 1.What is Corona Virus and how does it transmits.pptx",1," 1.What is Corona Virus and how does it transmits","AWARENESS","AWARENESS",9
2020-05-05,"AWARENESS"," 10. Thank you COVID Warriors.pptx",2," 10. Thank you COVID Warriors","AWARENESS","AWARENESS",5
2020-05-05,"AWARENESS"," 2. Handwashing.pptx",3," 2. Handwashing","AWARENESS","AWARENESS",2
2020-05-05,"AWARENESS"," 3. COVID Appropriate Behaviours Pack 1.0.pptx",4," 3. COVID Appropriate Behaviours Pack 1.0","AWARENESS","AWARENESS",6
2020-05-05,"AWARENESS"," 4. COVID Appropriate Behaviours Pack 2.0.pptx",5," 4. COVID Appropriate Behaviours Pack 2.0","AWARENESS","AWARENESS",6
2020-05-05,"AWARENESS"," 5. Home Quarantine.pptx",6," 5. Home Quarantine","AWARENESS","AWARENESS",3
2020-05-05,"AWARENESS"," 6. Myth Busters.pptx",7," 6. Myth Busters","AWARENESS","AWARENESS",3
2020-05-05,"AWARENESS"," 7. All India National Helpline 1075.pptx",8," 7. All India National Helpline 1075","AWARENESS","AWARENESS",6
2020-05-05,"AWARENESS"," 8. No Spitting.pptx",9," 8. No Spitting","AWARENESS","AWARENESS",3
2020-05-05,"AWARENESS"," 9. Stigma and Discrimination.pptx",10," 9. Stigma and Discrimination","AWARENESS","AWARENESS",4
2020-05-06,"OFFICIAL"," Railway Coaches as COVID Care Centre- Guidance document on appropriate management of suspect-confirmed cases of COVID-l9.pdf",1," Railway Coaches as COVID Care Centre- Guidance document on appropriate management of suspect-confirmed cases of COVID-l9","OFFICIAL","OFFICIAL",16
2020-05-07,"CITIZENS"," Additional guidelines for quarantine of returnees from abroad contacts isolation of suspect or confirmed cases in private facilities.pdf",1," Additional guidelines for quarantine of returnees from abroad contacts isolation of suspect or confirmed cases in private facilities","CITIZENS","CITIZENS",18
2020-05-07,"OFFICIAL"," Additional guidelines for quarantine of returnees from abroad or contacts or isolation of suspect or confirmed cases in private facilities.pdf",1," Additional guidelines for quarantine of returnees from abroad or contacts or isolation of suspect or confirmed cases in private facilities","OFFICIAL","OFFICIAL",20
2020-05-11,"HOSPITALS"," District level Facility based surveillance for COVID-19.pdf",1," District level Facility based surveillance for COVID-19","HOSPITALS","HOSPITALS",7
2020-05-11,"OFFICIAL"," District level Facility based surveillance for COVID-19.pdf",1," District level Facility based surveillance for COVID-19","OFFICIAL","OFFICIAL",7
2020-05-12,"INSPIRATIONAL"," Poster for Felicitating our Nurses and Midwives on International Nurse Day 2020.pdf",1," Poster for Felicitating our Nurses and Midwives on International Nurse Day 2020","INSPIRATIONAL","OTHERS",12
2020-05-14,"HOSPITALS"," Guidelines for RT-PCR based Pooled Sampling.pdf",1," Guidelines for RT-PCR based Pooled Sampling","HOSPITALS","HOSPITALS",6
2020-05-14,"OFFICIAL"," Guidelines for RT-PCR based Pooled Sampling.pdf",1," Guidelines for RT-PCR based Pooled Sampling","OFFICIAL","OFFICIAL",6
2020-05-15,"HOSPITALS"," Updated Additional guidelines on rational use of Personal Protective Equipment (setting approach for Health functionaries working in non COVID areas).pdf",1," Updated Additional guidelines on rational use of Personal Protective Equipment (setting approach for Health functionaries working in non COVID areas)","HOSPITALS","HOSPITALS",20
2020-05-15,"OFFICIAL"," Updated Additional guidelines on rational use of Personal Protective Equipment (setting approach for Health functionaries working in non-COVID areas).pdf",1," Updated Additional guidelines on rational use of Personal Protective Equipment (setting approach for Health functionaries working in non-COVID areas)","OFFICIAL","OFFICIAL",19
2020-05-16,"OFFICIAL"," Preparedness and response to COVID-19 in Urban Settlements.pdf",1," Preparedness and response to COVID-19 in Urban Settlements","OFFICIAL","OFFICIAL",8
2020-05-16,"OFFICIAL"," Updated Cluster Containment Plan for COVID-19.pdf",2," Updated Cluster Containment Plan for COVID-19","OFFICIAL","OFFICIAL",6
2020-05-16,"OFFICIAL"," Updated Containment Plan for Large Outbreaks of COVID-19.pdf",3," Updated Containment Plan for Large Outbreaks of COVID-19","OFFICIAL","OFFICIAL",8
2020-05-18,"CITIZENS"," Revised Strategy for COVlD-19 testing in lndia.pdf",1," Revised Strategy for COVlD-19 testing in lndia","CITIZENS","CITIZENS",7
2020-05-18,"EMPLOYEES"," Guidelines on preventive measures to contain spread of COVID-19 in workplace settings.pdf",1," Guidelines on preventive measures to contain spread of COVID-19 in workplace settings","EMPLOYEES","OTHERS",12
2020-05-18,"HOSPITALS"," Revised Strategy for COVlD-19 testing in lndia.pdf",1," Revised Strategy for COVlD-19 testing in lndia","HOSPITALS","HOSPITALS",7
2020-05-18,"OFFICIAL"," Revised Strategy for COVlD-19 testing in lndia.pdf",1," Revised Strategy for COVlD-19 testing in lndia","OFFICIAL","OFFICIAL",7
2020-05-21,"HOSPITALS"," Guidance note for Immunization services during and post COVID outbreak.pdf",1," Guidance note for Immunization services during and post COVID outbreak","HOSPITALS","HOSPITALS",10
2020-05-21,"OFFICIAL"," Guidance note for Immunization services during and post COVID outbreak.pdf",1," Guidance note for Immunization services during and post COVID outbreak","OFFICIAL","OFFICIAL",10
2020-05-22,"HOSPITALS"," Revised advisory on the use of Hydroxychloroquine (HCQ) as prophylaxis for COVID-19 infection.pdf",1," Revised advisory on the use of Hydroxychloroquine (HCQ) as prophylaxis for COVID-19 infection","HOSPITALS","HOSPITALS",13
2020-05-22,"OFFICIAL"," Revised advisory on the use of Hydroxychloroquine (HCQ) as prophylaxis for COVID-19 infection.pdf",1," Revised advisory on the use of Hydroxychloroquine (HCQ) as prophylaxis for COVID-19 infection","OFFICIAL","OFFICIAL",13
2020-05-24,"OFFICIAL"," Guidelines for international arrivals.pdf",1," Guidelines for international arrivals","OFFICIAL","OFFICIAL",4
2020-05-24,"TRAVEL_ADVISORY"," Guidelines for international arrivals.pdf",1," Guidelines for international arrivals","TRAVEL_ADVISORY","TRAVEL_ADVISORY",4
2020-05-27,"HOSPITALS"," Advisory on re-processing and re-use of eye protection - Goggles.pdf",1," Advisory on re-processing and re-use of eye protection - Goggles","HOSPITALS","HOSPITALS",10
2020-05-27,"HOSPITALS"," Guidance note on Essential RMNCAH+N Services during and post COVID.pdf",2," Guidance note on Essential RMNCAH+N Services during and post COVID","HOSPITALS","HOSPITALS",10
2020-05-27,"OFFICIAL"," Advisory on re-processing and re-use of eye protection - Goggles.pdf",1," Advisory on re-processing and re-use of eye protection - Goggles","OFFICIAL","OFFICIAL",10
2020-05-27,"OFFICIAL"," Guidance note on Essential RMNCAH+N Services during and post COVID.pdf",2," Guidance note on Essential RMNCAH+N Services during and post COVID","OFFICIAL","OFFICIAL",10
2020-06-03,"HOSPITALS"," Guidelines for safe ENT practice in COVID-19.pdf",1," Guidelines for safe ENT practice in COVID-19","HOSPITALS","HOSPITALS",7
2020-06-04,"EMPLOYEES"," Reimbursement of OPD medicines to CS (MA) beneficiaries- Special Sanction in view of COVID - 19.pdf",1," Reimbursement of OPD medicines to CS (MA) beneficiaries- Special Sanction in view of COVID - 19","EMPLOYEES","OTHERS",16
2020-06-12,"AWARENESS"," Guidelines for Hotels on preventive measures to contain spread of COVID 19.pdf",1," Guidelines for Hotels on preventive measures to contain spread of COVID 19","AWARENESS","AWARENESS",12
2020-06-12,"AWARENESS"," Guidelines for Officers on preventive measures to contain spread of COVID 19.pdf",2," Guidelines for Officers on preventive measures to contain spread of COVID 19","AWARENESS","AWARENESS",12
2020-06-12,"AWARENESS"," Guidelines for Religious Places on preventive measures to contain spread of COVID 19.pdf",3," Guidelines for Religious Places on preventive measures to contain spread of COVID 19","AWARENESS","AWARENESS",13
2020-06-12,"AWARENESS"," Guidelines for Restaurants on preventive measures to contain spread of COVID 19.pdf",4," Guidelines for Restaurants on preventive measures to contain spread of COVID 19","AWARENESS","AWARENESS",12
2020-06-12,"AWARENESS"," Guidelines for Shopping Malls on preventive measures to contain spread of COVID 19.pdf",5," Guidelines for Shopping Malls on preventive measures to contain spread of COVID 19","AWARENESS","AWARENESS",13
2020-06-16,"AWARENESS"," Guide to address stigma associated with COVID19(English).pdf",1," Guide to address stigma associated with COVID19(English)","AWARENESS","AWARENESS",7
2020-06-16,"AWARENESS"," Guide to address stigma associated with COVID19(Hindi).pdf",2," Guide to address stigma associated with COVID19(Hindi)","AWARENESS","AWARENESS",7
2020-06-18,"AWARENESS"," An IIllustrative Guide on COVID Appropraite Behaviours( English).pdf",1," An IIllustrative Guide on COVID Appropraite Behaviours( English)","AWARENESS","AWARENESS",8
2020-06-18,"AWARENESS"," An IIllustrative Guide on COVID Appropraite Behaviours( Hindi).pdf",2," An IIllustrative Guide on COVID Appropraite Behaviours( Hindi)","AWARENESS","AWARENESS",8
2020-06-27,"OFFICIAL"," Clinical Management Protocol for COVID-19 [Updated on 03.07.2020].pdf",1," Clinical Management Protocol for COVID-19 [Updated on 03.07.2020]","OFFICIAL","OFFICIAL",8
2020-06-29,"HOSPITALS"," Second Interim National Guidance to Blood Transfusion Services in India in light of Covid-19 pandemic, 25th June 2020.pdf",1," Second Interim National Guidance to Blood Transfusion Services in India in light of Covid-19 pandemic, 25th June 2020","HOSPITALS","HOSPITALS",18
2020-06-29,"OFFICIAL"," Second Interim National Guidance to Blood Transfusion Services in India in light of Covid-19 pandemic, 25th June 2020.pdf",1," Second Interim National Guidance to Blood Transfusion Services in India in light of Covid-19 pandemic, 25th June 2020","OFFICIAL","OFFICIAL",18
2020-07-09,"PSYCHOSOCIAL"," Mental Health in the times of COVID-19 Pandemic - Guidance for General Medical and Specialised Mental Health Care Settings.pdf",1," Mental Health in the times of COVID-19 Pandemic - Guidance for General Medical and Specialised Mental Health Care Settings","PSYCHOSOCIAL","OTHERS",19
2020-07-09,"HOSPITALS"," Mental Health in the times of COVID19 Pandemic Guidance for General Medical and Specialised Mental Health Care Settings.pdf",1," Mental Health in the times of COVID19 Pandemic Guidance for General Medical and Specialised Mental Health Care Settings","HOSPITALS","HOSPITALS",18
2020-07-13,"CITIZENS","Fixation of rate for rt PCR Test for COVID-19 in respect of Central Services (Medical Attendance) beneficiaries.pdf",1,"Fixation of rate for rt PCR Test for COVID-19 in respect of Central Services (Medical Attendance) beneficiaries","CITIZENS","CITIZENS",17
2020-07-16,"OFFICIAL"," Letter from ICMR to States and UTs for District wise login credentials for rapid antigen testing for COVID 19.pdf",1," Letter from ICMR to States and UTs for District wise login credentials for rapid antigen testing for COVID 19","OFFICIAL","OFFICIAL",19
2020-07-17,"CITIZENS"," Advisory for Gated Residential Complexes with regards to COVID-19.pdf",1," Advisory for Gated Residential Complexes with regards to COVID-19","CITIZENS","CITIZENS",9
2020-07-17,"CITIZENS","Guidelines for Gated Residential Complexes Desirous of Setting Up Small Covid Care Facility by Resident Welfare Associations  Residential Societies Non-Governmental Organizations (NGOs).pdf",2,"Guidelines for Gated Residential Complexes Desirous of Setting Up Small Covid Care Facility by Resident Welfare Associations  Residential Societies Non-Governmental Organizations (NGOs)","CITIZENS","CITIZENS",22
2020-07-17,"OFFICIAL"," Advisory for Gated Residential Complexes with regards to COVID-19.pdf",1," Advisory for Gated Residential Complexes with regards to COVID-19","OFFICIAL","OFFICIAL",9
2020-07-28,"PSYCHOSOCIAL"," COVID-19 Pandemic and Tobacco Use in India.pdf",1," COVID-19 Pandemic and Tobacco Use in India","PSYCHOSOCIAL","OTHERS",7
2020-07-28,"CITIZENS"," COVID-19 Pandemic and Tobacco Use in India.pdf",1," COVID-19 Pandemic and Tobacco Use in India","CITIZENS","CITIZENS",7
2020-07-28,"OFFICIAL"," COVID-19 Pandemic and Tobacco Use in India.pdf",1," COVID-19 Pandemic and Tobacco Use in India","OFFICIAL","OFFICIAL",7
2020-08-02,"OFFICIAL"," Revised guidelines for International Arrivals.pdf",1," Revised guidelines for International Arrivals","OFFICIAL","OFFICIAL",5
2020-08-02,"TRAVEL_ADVISORY"," Revised guidelines for International Arrivals.pdf",1," Revised guidelines for International Arrivals","TRAVEL_ADVISORY","TRAVEL_ADVISORY",5
2020-08-07,"HOSPITALS"," Extension of Pradhan Mantri Garib Kalyan Package  Insurance Health Workers fighting COVID19 for a further period of 90 days beyond the original period.pdf",1," Extension of Pradhan Mantri Garib Kalyan Package  Insurance Health Workers fighting COVID19 for a further period of 90 days beyond the original period","HOSPITALS","HOSPITALS",23
2020-08-07,"OFFICIAL"," Extension of Pradhan Mantri Garib Kalyan Package - Insurance Health Workers fighting COVID-19 for a further period of 90 days beyond the original period.pdf",1," Extension of Pradhan Mantri Garib Kalyan Package - Insurance Health Workers fighting COVID-19 for a further period of 90 days beyond the original period","OFFICIAL","OFFICIAL",24
2020-08-26,"HOSPITALS"," Guidance note on bi-directional TB-COVID screening.pdf",1," Guidance note on bi-directional TB-COVID screening","HOSPITALS","HOSPITALS",6
2020-08-26,"OFFICIAL"," Guidance note on bi-directional TB-COVID screening.pdf",1," Guidance note on bi-directional TB-COVID screening","OFFICIAL","OFFICIAL",6
2020-09-01,"HOSPITALS"," FAQs on COVID-19 from AIIMS e-ICUs.pdf",1," FAQs on COVID-19 from AIIMS e-ICUs","HOSPITALS","HOSPITALS",6
2020-09-01,"OFFICIAL"," FAQs on COVID-19 from AIIMS e-ICUs.pdf",1," FAQs on COVID-19 from AIIMS e-ICUs","OFFICIAL","OFFICIAL",6
2020-09-03,"EMPLOYEES"," Reimbursement of OPD medicines to CS (MA) beneficiaries- Special Sanction in view of COVID-19.pdf",1," Reimbursement of OPD medicines to CS (MA) beneficiaries- Special Sanction in view of COVID-19","EMPLOYEES","OTHERS",14
2020-09-03,"OFFICIAL"," Reimbursement of OPD medicines to CS (MA) beneficiaries- Special Sanction in view of COVID-19.pdf",1," Reimbursement of OPD medicines to CS (MA) beneficiaries- Special Sanction in view of COVID-19","OFFICIAL","OFFICIAL",14
2020-09-04,"HOSPITALS"," Advisory on Strategy for COVID-19 Testing in India.pdf",1," Advisory on Strategy for COVID-19 Testing in India","HOSPITALS","HOSPITALS",8
2020-09-04,"OFFICIAL"," Advisory on Strategy for COVID-19 Testing in India.pdf",1," Advisory on Strategy for COVID-19 Testing in India","OFFICIAL","OFFICIAL",8
2020-09-05,"OFFICIAL"," Containment and Surveillance Manual for Supervisors in containment zones.pdf",1," Containment and Surveillance Manual for Supervisors in containment zones","OFFICIAL","OFFICIAL",9
2020-09-05,"OFFICIAL"," Manual for Surveillance Teams for containment zones.pdf",2," Manual for Surveillance Teams for containment zones","OFFICIAL","OFFICIAL",7
2020-09-08,"CITIZENS","SOP for partial reopening of Schools for students of 9th to 12th classes on a voluntary basis, for taking guidance from their teachers.pdf",1,"SOP for partial reopening of Schools for students of 9th to 12th classes on a voluntary basis, for taking guidance from their teachers","CITIZENS","CITIZENS",23
2020-09-08,"OFFICIAL"," SOP for partial reopening of Schools for students of 9th to 12th classes on a voluntary basis, for taking guidance from their teachers.pdf",1," SOP for partial reopening of Schools for students of 9th to 12th classes on a voluntary basis, for taking guidance from their teachers","OFFICIAL","OFFICIAL",23
2020-09-10,"CITIZENS"," Revised SOP on preventive measures to be followed while conducting examinations to contain spread of COVID-19.pdf",1," Revised SOP on preventive measures to be followed while conducting examinations to contain spread of COVID-19","CITIZENS","CITIZENS",16
2020-09-10,"OFFICIAL"," Revised SOP on preventive measures to be followed while conducting examinations to contain spread of COVID-19.pdf",1," Revised SOP on preventive measures to be followed while conducting examinations to contain spread of COVID-19","OFFICIAL","OFFICIAL",16
2020-09-14,"AWARENESS"," The  World's Largest Vaccination Drive.jpg",1," The  World's Largest Vaccination Drive","AWARENESS","AWARENESS",5
2020-10-06,"CITIZENS","Standard Operating Procedures on preventive measures to contain spread of COVID-19 during festivities.pdf",1,"Standard Operating Procedures on preventive measures to contain spread of COVID-19 during festivities","CITIZENS","CITIZENS",13
2020-10-06,"OFFICIAL"," Standard Operating Procedures on preventive measures to contain spread of COVID-19 during festivities.pdf",1," Standard Operating Procedures on preventive measures to contain spread of COVID-19 during festivities","OFFICIAL","OFFICIAL",13
2020-10-08,"OFFICIAL"," Reimbursement of OPD medicines to CS (MA) beneficiaries- Special Sanction in view of COVID-19 till 31 December 2020.pdf",1," Reimbursement of OPD medicines to CS (MA) beneficiaries- Special Sanction in view of COVID-19 till 31 December 2020","OFFICIAL","OFFICIAL",18
2020-10-09,"OFFICIAL"," Environmental and Social Management Framework for India COVID-19 Emergency Response and Health Systems Preparedness Project (P173836).pdf",1," Environmental and Social Management Framework for India COVID-19 Emergency Response and Health Systems Preparedness Project (P173836)","OFFICIAL","OFFICIAL",16
2020-10-12,"AWARENESS"," Encouraging Youth to advocate against Stigma and Discrimination during COVID19 (English).pdf",1," Encouraging Youth to advocate against Stigma and Discrimination during COVID19 (English)","AWARENESS","AWARENESS",11
2020-10-12,"AWARENESS"," Encouraging Youth to advocate against Stigma and Discrimination during COVID19 (Hindi).pdf",2," Encouraging Youth to advocate against Stigma and Discrimination during COVID19 (Hindi)","AWARENESS","AWARENESS",11
2020-10-13,"HOSPITALS"," Guidelines for management of co infection of COVID-19 with other seasonal epidemic prone diseases.pdf",1," Guidelines for management of co infection of COVID-19 with other seasonal epidemic prone diseases","HOSPITALS","HOSPITALS",14
2020-10-13,"OFFICIAL"," Guidelines for management of co-infection of COVID-19 with other seasonal epidemic prone diseases.pdf",1," Guidelines for management of co-infection of COVID-19 with other seasonal epidemic prone diseases","OFFICIAL","OFFICIAL",13
2020-11-01,"PSYCHOSOCIAL"," Guidelines on Managing Mental Illness in Hospital Settings during COVID-19.pdf",1," Guidelines on Managing Mental Illness in Hospital Settings during COVID-19","PSYCHOSOCIAL","OTHERS",10
2020-11-30,"CITIZENS"," SOP on preventive measures in markets to contain spread of COVID-19.pdf",1," SOP on preventive measures in markets to contain spread of COVID-19","CITIZENS","CITIZENS",11
2020-11-30,"OFFICIAL"," SOP on preventive measures in markets to contain spread of COVID-19.pdf",1," SOP on preventive measures in markets to contain spread of COVID-19","OFFICIAL","OFFICIAL",11
2020-12-22,"OFFICIAL"," SOP for Surveillance and response for the new SARS Cov-2 variant.pdf",1," SOP for Surveillance and response for the new SARS Cov-2 variant","OFFICIAL","OFFICIAL",11
2020-12-28,"HOSPITALS"," Guidelines on Safe Ophthalmology Practices in Covid-19 Scenario.pdf",1," Guidelines on Safe Ophthalmology Practices in Covid-19 Scenario","HOSPITALS","HOSPITALS",8
2020-12-28,"OFFICIAL"," Guidelines on Safe Ophthalmology Practices in Covid-19 Scenario.pdf",1," Guidelines on Safe Ophthalmology Practices in Covid-19 Scenario","OFFICIAL","OFFICIAL",8
2021-01-01,"OFFICIAL"," SOP for the new variant of SARS-CoV-2 in the context of regulated resumption of limited flights originating from United Kingdom (UK) to India from 8th January 2021.pdf",1," SOP for the new variant of SARS-CoV-2 in the context of regulated resumption of limited flights originating from United Kingdom (UK) to India from 8th January 2021","OFFICIAL","OFFICIAL",27
2021-01-14,"OFFICIAL"," Letter from Additional Secretary, MoHFW regarding Contraindications and Factsheet for COVID-19 vaccines.PDF",1," Letter from Additional Secretary, MoHFW regarding Contraindications and Factsheet for COVID-19 vaccines","OFFICIAL","OFFICIAL",12
2021-01-18,"OFFICIAL"," Implementation plan for covaxin.pdf",1," Implementation plan for covaxin","OFFICIAL","OFFICIAL",4
2021-02-13,"CITIZENS"," SOP on preventive measures to contain spread of COVID-19 in offices.pdf",1," SOP on preventive measures to contain spread of COVID-19 in offices","CITIZENS","CITIZENS",11
2021-02-17,"TRAVEL_ADVISORY"," Algorithm for international arrivals.pdf",1," Algorithm for international arrivals","TRAVEL_ADVISORY","TRAVEL_ADVISORY",4
2021-02-17,"TRAVEL_ADVISORY"," Guidelines for International Arrivals.pdf",2," Guidelines for International Arrivals","TRAVEL_ADVISORY","TRAVEL_ADVISORY",4
2021-02-27,"HOSPITALS"," List of Ayushman Bharat PMJAY empanelled Hospitals that can be used by States UTs as Covid19 vaccination centres.xlsx",1," List of Ayushman Bharat PMJAY empanelled Hospitals that can be used by States UTs as Covid19 vaccination centres","HOSPITALS","HOSPITALS",18
2021-02-27,"HOSPITALS"," List of CGHS empanelled Hospitals that can be used by States UTs as Covid-19 vaccination centres.xlsx",2," List of CGHS empanelled Hospitals that can be used by States UTs as Covid-19 vaccination centres","HOSPITALS","HOSPITALS",16
2021-02-27,"OFFICIAL"," List of Ayushman Bharat PMJAY empanelled Hospitals that can be used by States or UTs as Covid-19 vaccination centres.xlsx",1," List of Ayushman Bharat PMJAY empanelled Hospitals that can be used by States or UTs as Covid-19 vaccination centres","OFFICIAL","OFFICIAL",19
2021-02-27,"OFFICIAL"," List of CGHS empanelled Hospitals that can be used by States or UTs as Covid-19 vaccination centres.xlsx",2," List of CGHS empanelled Hospitals that can be used by States or UTs as Covid-19 vaccination centres","OFFICIAL","OFFICIAL",17
2021-02-28,"CITIZENS"," Guidance Note for Co-WIN 2.0.pdf",1," Guidance Note for Co-WIN 2.0","CITIZENS","CITIZENS",5
2021-02-28,"CITIZENS"," User Manual - Citizen Registration & Appointment for Vaccination Ver 1.1.pdf",2," User Manual - Citizen Registration & Appointment for Vaccination Ver 1.1","CITIZENS","CITIZENS",11
2021-02-28,"HOSPITALS"," User Manual - Citizen Registration & Appointment for Vaccination Ver 1.1.pdf",1," User Manual - Citizen Registration & Appointment for Vaccination Ver 1.1","HOSPITALS","HOSPITALS",11
2021-02-28,"OFFICIAL"," User Manual - Citizen Registration & Appointment for Vaccination Ver 1.1.pdf",1," User Manual - Citizen Registration & Appointment for Vaccination Ver 1.1","OFFICIAL","OFFICIAL",11
2021-03-01,"CITIZENS"," SOP on preventive measures in Hotels and other Hospitality Units to contain spread of COVID-19.pdf",1," SOP on preventive measures in Hotels and other Hospitality Units to contain spread of COVID-19","CITIZENS","CITIZENS",15
2021-03-01,"CITIZENS"," SOP on preventive measures in Restaurants to contain spread of COVID-19.pdf",2," SOP on preventive measures in Restaurants to contain spread of COVID-19","CITIZENS","CITIZENS",11
2021-03-01,"CITIZENS"," SOP on preventive measures in shopping malls to contain spread of COVID-19.pdf",3," SOP on preventive measures in shopping malls to contain spread of COVID-19","CITIZENS","CITIZENS",12
2021-03-01,"CITIZENS"," SOP on preventive measures to be followed in Entertainment Parks.pdf",4," SOP on preventive measures to be followed in Entertainment Parks","CITIZENS","CITIZENS",10
2021-03-01,"CITIZENS","Guidelines on Preventive Measures to Contain Spread of COVID-19 in Yoga Institutes & Gymnasiums.pdf",5,"Guidelines on Preventive Measures to Contain Spread of COVID-19 in Yoga Institutes & Gymnasiums","CITIZENS","CITIZENS",14
2021-03-01,"CITIZENS","SOP on preventive measures to contain spread of COVID-19 in religious places and places of worship.pdf",6,"SOP on preventive measures to contain spread of COVID-19 in religious places and places of worship","CITIZENS","CITIZENS",16
2021-03-01,"CITIZENS","SOP on preventive measures to contain spread of COVID-19 in skill or entrepreneurship training institutions, higher educational institutions.pdf",7,"SOP on preventive measures to contain spread of COVID-19 in skill or entrepreneurship training institutions, higher educational institutions","CITIZENS","CITIZENS",18
2021-03-01,"OFFICIAL"," Guidelines on Preventive Measures to Contain Spread of COVID-19 in Yoga Institutes & Gymnasiums.pdf",1," Guidelines on Preventive Measures to Contain Spread of COVID-19 in Yoga Institutes & Gymnasiums","OFFICIAL","OFFICIAL",14
2021-03-01,"OFFICIAL"," SOP on preventive measures in Restaurants to contain spread of COVID-19.pdf",2," SOP on preventive measures in Restaurants to contain spread of COVID-19","OFFICIAL","OFFICIAL",11
2021-03-01,"OFFICIAL"," SOP on preventive measures in shopping malls to contain spread of COVID-19.pdf",3," SOP on preventive measures in shopping malls to contain spread of COVID-19","OFFICIAL","OFFICIAL",12
2021-03-01,"OFFICIAL"," SOP on preventive measures to be followed in Entertainment Parks.pdf",4," SOP on preventive measures to be followed in Entertainment Parks","OFFICIAL","OFFICIAL",10
2021-03-01,"OFFICIAL"," SOP on preventive measures to contain spread of COVID-19 in religious places and places of worship.pdf",5," SOP on preventive measures to contain spread of COVID-19 in religious places and places of worship","OFFICIAL","OFFICIAL",16
2021-03-01,"OFFICIAL"," SOP on preventive measures to contain spread of COVID-19 in skill or entrepreneurship training institutions, higher educational institutions.pdf",6," SOP on preventive measures to contain spread of COVID-19 in skill or entrepreneurship training institutions, higher educational institutions","OFFICIAL","OFFICIAL",18
2021-03-22,"CITIZENS"," FAQs on Co-WIN for Citizens.pdf",1," FAQs on Co-WIN for Citizens","CITIZENS","CITIZENS",5
2021-04-02,"OFFICIAL"," Guidelines for COVID Vaccine Payment to NHA.pdf",1," Guidelines for COVID Vaccine Payment to NHA","OFFICIAL","OFFICIAL",7
2021-04-07,"OFFICIAL"," Guidelines for COVID-19 Vaccination at WorkPlace.pdf",1," Guidelines for COVID-19 Vaccination at WorkPlace","OFFICIAL","OFFICIAL",6
2021-04-12,"AWARENESS"," Jan Andolan.PDF",1," Jan Andolan","AWARENESS","AWARENESS",2
2021-04-22,"CITIZENS"," COVID 19 Proning for Self care.pdf",1," COVID 19 Proning for Self care","CITIZENS","CITIZENS",6
2021-05-03,"HOSPITALS"," Renewal of Pradhan Mantri Garib Kalyan Package Insurance Scheme for Health Workers fighting COVID-19.pdf",1," Renewal of Pradhan Mantri Garib Kalyan Package Insurance Scheme for Health Workers fighting COVID-19","HOSPITALS","HOSPITALS",14
2021-05-03,"OFFICIAL"," Renewal of Pradhan Mantri Garib Kalyan Package- Insurance Scheme for Health Workers fighting COVID-19 w.e.f. 24.04.2021 for a further period of 180 days.pdf",1," Renewal of Pradhan Mantri Garib Kalyan Package- Insurance Scheme for Health Workers fighting COVID-19 w.e.f. 24.04.2021 for a further period of 180 days","OFFICIAL","OFFICIAL",23
2021-05-06,"CITIZENS"," SOP for COVID-19 Vaccination of Persons without Prescribed Identity Cards.pdf",1," SOP for COVID-19 Vaccination of Persons without Prescribed Identity Cards","CITIZENS","CITIZENS",10
2021-05-06,"HOSPITALS"," SOP for COVID-19 Vaccination of Persons without Prescribed Identity Cards.pdf",1," SOP for COVID-19 Vaccination of Persons without Prescribed Identity Cards","HOSPITALS","HOSPITALS",10
2021-05-06,"OFFICIAL"," SOP for COVID-19 Vaccination of Persons without Prescribed Identity Cards.pdf",1," SOP for COVID-19 Vaccination of Persons without Prescribed Identity Cards","OFFICIAL","OFFICIAL",10
2021-05-15,"EMPLOYEES"," Reimbursement of OPD medicines to CS (MA) beneficiaries- Special Sanction in view of COVID-19.pdf",1," Reimbursement of OPD medicines to CS (MA) beneficiaries- Special Sanction in view of COVID-19","EMPLOYEES","OTHERS",14
2021-05-16,"HOSPITALS"," SOP on COVID-19 Containment & Management in Peri-urban, Rural & Tribal areas.pdf",1," SOP on COVID-19 Containment & Management in Peri-urban, Rural & Tribal areas","HOSPITALS","HOSPITALS",12
2021-05-16,"OFFICIAL"," SOP on COVID-19 Containment & Management in Peri-urban, Rural & Tribal areas.pdf",1," SOP on COVID-19 Containment & Management in Peri-urban, Rural & Tribal areas","OFFICIAL","OFFICIAL",12
2021-05-19,"HOSPITALS"," Revised COVID-19 Clinical Management Protocol Algorithm (Adults).pdf",1," Revised COVID-19 Clinical Management Protocol Algorithm (Adults)","HOSPITALS","HOSPITALS",7
2021-05-19,"OFFICIAL"," Revised COVID-19 Clinical Management Protocol Algorithm (Adults).pdf",1," Revised COVID-19 Clinical Management Protocol Algorithm (Adults)","OFFICIAL","OFFICIAL",7
2021-05-24,"CITIZENS","Guidelines for Integration of Co-WIN with Third-party Applications Developed by Ecosystem Partners.pdf",1,"Guidelines for Integration of Co-WIN with Third-party Applications Developed by Ecosystem Partners","CITIZENS","CITIZENS",12
2021-05-24,"OFFICIAL"," Guidelines for Integration of Co-WIN with Third-party Applications Developed by Ecosystem Partners.pdf",1," Guidelines for Integration of Co-WIN with Third-party Applications Developed by Ecosystem Partners","OFFICIAL","OFFICIAL",12
2021-05-24,"OFFICIAL"," Updated Detailed Clinical Management Protocol for adult cases of COVID19.pdf",2," Updated Detailed Clinical Management Protocol for adult cases of COVID19","OFFICIAL","OFFICIAL",10
2021-05-27,"CITIZENS","Guidelines on near to Home COVID Vaccination Centres for Elderly & Differently Abled Citizens.pdf",1,"Guidelines on near to Home COVID Vaccination Centres for Elderly & Differently Abled Citizens","CITIZENS","CITIZENS",14
2021-05-27,"OFFICIAL"," Guidelines on near to Home COVID Vaccination Centres for Elderly & Differently Abled Citizens.pdf",1," Guidelines on near to Home COVID Vaccination Centres for Elderly & Differently Abled Citizens","OFFICIAL","OFFICIAL",14
2021-06-01,"HOSPITALS"," Clinical Guidance on Diagnosis and Management of Diabetes at COVID-19 Patient Management facility.pdf",1," Clinical Guidance on Diagnosis and Management of Diabetes at COVID-19 Patient Management facility","HOSPITALS","HOSPITALS",13
2021-06-01,"OFFICIAL"," Clinical Guidance on Diagnosis and Management of Diabetes at COVID-19 Patient Management facility.pdf",1," Clinical Guidance on Diagnosis and Management of Diabetes at COVID-19 Patient Management facility","OFFICIAL","OFFICIAL",13
2021-06-07,"CITIZENS","Administration of Second Dose of Covishield Vaccine Prior to Prescribed Time Interval (after 28 days but before 84 days) to persons intending to undertake international travel for specific purposes.pdf",1,"Administration of Second Dose of Covishield Vaccine Prior to Prescribed Time Interval (after 28 days but before 84 days) to persons intending to undertake international travel for specific purposes","CITIZENS","CITIZENS",29
2021-06-07,"HOSPITALS"," Advisory for Rational use of Remdesivir for COVID-19 Treatment.pdf",1," Advisory for Rational use of Remdesivir for COVID-19 Treatment","HOSPITALS","HOSPITALS",9
2021-06-07,"OFFICIAL"," Advisory for Rational use of Remdesivir for COVID-19 Treatment.pdf",1," Advisory for Rational use of Remdesivir for COVID-19 Treatment","OFFICIAL","OFFICIAL",9
2021-06-07,"TRAVEL_ADVISORY","Administration of Second Dose of Covishield Vaccine Prior to Prescribed Time Interval (after 28 days but before 84 days) to persons intending to undertake international travel for specific purposes.pdf",1,"Administration of Second Dose of Covishield Vaccine Prior to Prescribed Time Interval (after 28 days but before 84 days) to persons intending to undertake international travel for specific purposes","TRAVEL_ADVISORY","TRAVEL_ADVISORY",29
2021-06-08,"CITIZENS","Revised Guidelines for implementation of National COVID Vaccination Program.pdf",1,"Revised Guidelines for implementation of National COVID Vaccination Program","CITIZENS","CITIZENS",9
2021-06-08,"OFFICIAL"," Revised Guidelines for implementation of National COVID Vaccination Program.pdf",1," Revised Guidelines for implementation of National COVID Vaccination Program","OFFICIAL","OFFICIAL",9
2021-06-16,"OFFICIAL"," Guidelines on Operationalisation of COVID care services for children and adolescents.pdf",1," Guidelines on Operationalisation of COVID care services for children and adolescents","OFFICIAL","OFFICIAL",11
2021-06-18,"HOSPITALS"," Guidelines for Management of COVID-19 in Children.pdf",1," Guidelines for Management of COVID-19 in Children","HOSPITALS","HOSPITALS",7
2021-06-18,"OFFICIAL"," uidelines for Management of COVID-19 in Children.pdf",1," uidelines for Management of COVID-19 in Children","OFFICIAL","OFFICIAL",7
2021-06-22,"AWARENESS"," Toolkit for Youth Campaign on COVID Appropriate Behaviour, Vaccination drive and Psychosocial well-being (Hindi).pdf",1," Toolkit for Youth Campaign on COVID Appropriate Behaviour, Vaccination drive and Psychosocial well-being (Hindi)","AWARENESS","AWARENESS",14
2021-06-22,"AWARENESS"," Toolkit for Youth Campaign on COVID Appropriate Behaviour, Vaccination drive and Psychosocial well-being(English).pdf",2," Toolkit for Youth Campaign on COVID Appropriate Behaviour, Vaccination drive and Psychosocial well-being(English)","AWARENESS","AWARENESS",13
2021-07-02,"CITIZENS"," Operational Guidance for COVID-19 Vaccination of Pregnant Women.pdf",1," Operational Guidance for COVID-19 Vaccination of Pregnant Women","CITIZENS","CITIZENS",8
2021-07-02,"OFFICIAL"," Operational Guidance for COVID-19 Vaccination of Pregnant Women.pdf",1," Operational Guidance for COVID-19 Vaccination of Pregnant Women","OFFICIAL","OFFICIAL",8
2021-07-14,"AWARENESS"," Counselling booklet for Frontline Workers and Vaccinators (English).pdf",1," Counselling booklet for Frontline Workers and Vaccinators (English)","AWARENESS","AWARENESS",8
2021-07-14,"AWARENESS"," Counselling booklet for Frontline Workers and Vaccinators (Hindi).pdf",2," Counselling booklet for Frontline Workers and Vaccinators (Hindi)","AWARENESS","AWARENESS",8
2021-07-14,"AWARENESS"," Covid-19 vaccination of pregnant women (Hindi).pdf",3," Covid-19 vaccination of pregnant women (Hindi)","AWARENESS","AWARENESS",6
2021-07-14,"AWARENESS"," Covid -19  vaccination of pregnant women (English).pdf",4," Covid -19  vaccination of pregnant women (English)","AWARENESS","AWARENESS",7
2021-08-17,"HOSPITALS"," Genomic Surveillance for SARS CoV 2 In India Indian SARS CoV 2 Genomics Consortium (INSACOG) (Updated guidelines and SOPs).pdf",1," Genomic Surveillance for SARS CoV 2 In India Indian SARS CoV 2 Genomics Consortium (INSACOG) (Updated guidelines and SOPs)","HOSPITALS","HOSPITALS",19
2021-08-17,"OFFICIAL"," Genomic Surveillance for SARS-CoV-2 In India-Indian SARS-CoV-2 Genomics Consortium (INSACOG) (Updated guidelines and SOPs).pdf",1," Genomic Surveillance for SARS-CoV-2 In India-Indian SARS-CoV-2 Genomics Consortium (INSACOG) (Updated guidelines and SOPs)","OFFICIAL","OFFICIAL",14
2021-08-25,"OFFICIAL"," Guidelines for domestic travel (flight or train or ship or bus inter-state travel).pdf",1," Guidelines for domestic travel (flight or train or ship or bus inter-state travel)","OFFICIAL","OFFICIAL",13
2021-08-25,"TRAVEL_ADVISORY"," Guidelines for domestic travel (flight train ship bus inter-state travel).pdf",1," Guidelines for domestic travel (flight train ship bus inter-state travel)","TRAVEL_ADVISORY","TRAVEL_ADVISORY",10
2021-09-01,"CITIZENS"," FAQs on COVID-19 Vaccines & Vaccination Program.pdf",1," FAQs on COVID-19 Vaccines & Vaccination Program","CITIZENS","CITIZENS",7
2021-09-06,"OFFICIAL"," Addendum to Guidelines on International Arrivals dated 17th February 2021.pdf",1," Addendum to Guidelines on International Arrivals dated 17th February 2021","OFFICIAL","OFFICIAL",10
2021-09-06,"TRAVEL_ADVISORY"," Addendum to Guidelines on International Arrivals dated 17th February 2021.pdf",1," Addendum to Guidelines on International Arrivals dated 17th February 2021","TRAVEL_ADVISORY","TRAVEL_ADVISORY",10
2021-09-29,"HOSPITALS"," National Guidelines for Safe Dental Practice During Covid-19 pandemi.pdf",1," National Guidelines for Safe Dental Practice During Covid-19 pandemi","HOSPITALS","HOSPITALS",9
2021-09-29,"OFFICIAL"," National Guidelines for Safe Dental Practice During Covid-19 pandemi.pdf",1," National Guidelines for Safe Dental Practice During Covid-19 pandemi","OFFICIAL","OFFICIAL",9
2021-10-05,"OFFICIAL"," Guidelines on Operationalization of Maternal Health Services during the COVID-19 Pandemic.pdf",1," Guidelines on Operationalization of Maternal Health Services during the COVID-19 Pandemic","OFFICIAL","OFFICIAL",11
2021-10-18,"AWARENESS"," Sentinels of the Soil A tribute to the Frontline and Healthcare workers in India's fight against COVID-19.pdf",1," Sentinels of the Soil A tribute to the Frontline and Healthcare workers in India's fight against COVID-19","AWARENESS","AWARENESS",17
2021-10-20,"TRAVEL_ADVISORY"," Algorithm for 'Guidelines for International Arrivals' (dated 20th October 2021).pdf",1," Algorithm for 'Guidelines for International Arrivals' (dated 20th October 2021)","TRAVEL_ADVISORY","TRAVEL_ADVISORY",10
2021-10-20,"TRAVEL_ADVISORY"," Guidelines for International Arrivals.pdf",2," Guidelines for International Arrivals","TRAVEL_ADVISORY","TRAVEL_ADVISORY",4
2021-10-21,"HOSPITALS"," National Comprehensive Guidelines for Management of Post-Covid Sequelae.pdf",1," National Comprehensive Guidelines for Management of Post-Covid Sequelae","HOSPITALS","HOSPITALS",8
2021-10-21,"OFFICIAL"," National Comprehensive Guidelines for Management of Post-Covid Sequelae.pdf",1," National Comprehensive Guidelines for Management of Post-Covid Sequelae","OFFICIAL","OFFICIAL",8
2021-11-11,"TRAVEL_ADVISORY"," Guidelines for International Arrivals.pdf",1," Guidelines for International Arrivals","TRAVEL_ADVISORY","TRAVEL_ADVISORY",4
2021-11-13,"TRAVEL_ADVISORY","List of Countries to be referred to in context of 'Guidelines for international arrivals' dated 11th November 2021.pdf",1,"List of Countries to be referred to in context of 'Guidelines for international arrivals' dated 11th November 2021","TRAVEL_ADVISORY","TRAVEL_ADVISORY",18
2021-11-28,"TRAVEL_ADVISORY"," Algorithm for 'Guidelines for International Arrivals' (dated 28th November 2021).pdf",1," Algorithm for 'Guidelines for International Arrivals' (dated 28th November 2021)","TRAVEL_ADVISORY","TRAVEL_ADVISORY",10
2021-11-28,"TRAVEL_ADVISORY"," Guidelines for International Arrivals.pdf",2," Guidelines for International Arrivals","TRAVEL_ADVISORY","TRAVEL_ADVISORY",4
2021-11-30,"TRAVEL_ADVISORY"," Algorithm for 'Guidelines for International Arrivals' (dated 30th November 2021).pdf",1," Algorithm for 'Guidelines for International Arrivals' (dated 30th November 2021)","TRAVEL_ADVISORY","TRAVEL_ADVISORY",10
2021-11-30,"TRAVEL_ADVISORY"," Guidelines for International Arrivals.pdf",2," Guidelines for International Arrivals","TRAVEL_ADVISORY","TRAVEL_ADVISORY",4
2021-11-30,"TRAVEL_ADVISORY","List of Countries to be referred to in context of 'Guidelines for international arrivals' dated 30th November 2021.pdf",3,"List of Countries to be referred to in context of 'Guidelines for international arrivals' dated 30th November 2021","TRAVEL_ADVISORY","TRAVEL_ADVISORY",18
2021-12-03,"OFFICIAL"," FAQs on SARS-CoV-2 Variant-Omicron.pdf",1," FAQs on SARS-CoV-2 Variant-Omicron","OFFICIAL","OFFICIAL",4
2021-12-27,"CITIZENS","Guidelines for COVID-19 Vaccination of Children between 15 to 18 years and Precaution Dose to HCWs, FLWs & 60+ population with co-morbidities.pdf",1,"Guidelines for COVID-19 Vaccination of Children between 15 to 18 years and Precaution Dose to HCWs, FLWs & 60+ population with co-morbidities","CITIZENS","CITIZENS",22
2021-12-27,"OFFICIAL"," Guidelines for COVID-19 Vaccination of Children between 15 to 18 years and Precaution Dose to HCWs, FLWs & 60+ population with co-morbidities.pdf",1," Guidelines for COVID-19 Vaccination of Children between 15 to 18 years and Precaution Dose to HCWs, FLWs & 60+ population with co-morbidities","OFFICIAL","OFFICIAL",22
2022-01-05,"CITIZENS","Revised guidelines for Home Isolation of mild asymptomatic COVID-19 cases.pdf",1,"Revised guidelines for Home Isolation of mild asymptomatic COVID-19 cases","CITIZENS","CITIZENS",10
2022-01-05,"OFFICIAL"," Revised guidelines for Home Isolation of mild or asymptomatic COVID-19 cases.pdf",1," Revised guidelines for Home Isolation of mild or asymptomatic COVID-19 cases","OFFICIAL","OFFICIAL",11
2022-01-07,"TRAVEL_ADVISORY"," Algorithm for revised guidelines for international arrivals_7th January 2022.pdf",1," Algorithm for revised guidelines for international arrivals_7th January 2022","TRAVEL_ADVISORY","TRAVEL_ADVISORY",9
2022-01-07,"TRAVEL_ADVISORY"," Revised Guidelines for International Arrivals dated 7th January 2022.pdf",2," Revised Guidelines for International Arrivals dated 7th January 2022","TRAVEL_ADVISORY","TRAVEL_ADVISORY",9
2022-01-07,"TRAVEL_ADVISORY","List of Countries to be referred to in context of 'Guidelines for international arrivals' dated 7th January 2022.pdf",3,"List of Countries to be referred to in context of 'Guidelines for international arrivals' dated 7th January 2022","TRAVEL_ADVISORY","TRAVEL_ADVISORY",18
2022-01-09,"HOSPITALS"," Revised Advisory for managing Health Care Workers (HCWs) working in COVID and Non-COVID areas of the Health Care Facilities (updated on 9th January 2022).pdf",1," Revised Advisory for managing Health Care Workers (HCWs) working in COVID and Non-COVID areas of the Health Care Facilities (updated on 9th January 2022)","HOSPITALS","HOSPITALS",24
2022-01-09,"HOSPITALS"," Revised Discharge Policy for COVID-19 (updated on 9th January 2022).pdf",2," Revised Discharge Policy for COVID-19 (updated on 9th January 2022)","HOSPITALS","HOSPITALS",10
2022-01-09,"OFFICIAL"," Revised Advisory for managing Health Care Workers (HCWs) working in COVID and Non-COVID areas of the Health Care Facilities (updated on 9th January 2022).pdf",1," Revised Advisory for managing Health Care Workers (HCWs) working in COVID and Non-COVID areas of the Health Care Facilities (updated on 9th January 2022)","OFFICIAL","OFFICIAL",24
2022-01-09,"OFFICIAL"," Revised Discharge Policy for COVID-19 (updated on 9th January 2022).pdf",2," Revised Discharge Policy for COVID-19 (updated on 9th January 2022)","OFFICIAL","OFFICIAL",10
2022-01-12,"AWARENESS"," Revised (Illustrated) Guidelines for Home Isolation of Mild Asymptomatic COVID-19 Cases.pdf",1," Revised (Illustrated) Guidelines for Home Isolation of Mild Asymptomatic COVID-19 Cases","AWARENESS","AWARENESS",11
2022-01-17,"HOSPITALS"," Clinical Guidance for Management of Adult Covid-19 Patients (updated as on 17th January 2022).pdf",1," Clinical Guidance for Management of Adult Covid-19 Patients (updated as on 17th January 2022)","HOSPITALS","HOSPITALS",14
2022-01-20,"HOSPITALS"," Revised Comprehensive Guidelines for Management of COVID-19 in Children and Adolescents (below 18 years).pdf",1," Revised Comprehensive Guidelines for Management of COVID-19 in Children and Adolescents (below 18 years)","HOSPITALS","HOSPITALS",14
2022-01-20,"OFFICIAL"," Revised Comprehensive Guidelines for Management of COVID-19 in Children and Adolescents (below 18 years).pdf",1," Revised Comprehensive Guidelines for Management of COVID-19 in Children and Adolescents (below 18 years)","OFFICIAL","OFFICIAL",14
2022-01-20,"TRAVEL_ADVISORY"," Revised Guidelines for International Arrivals dated 20th January 2022.pdf",1," Revised Guidelines for International Arrivals dated 20th January 2022","TRAVEL_ADVISORY","TRAVEL_ADVISORY",9
2022-02-21,"OFFICIAL"," Public Notice regarding Environment and Social Management Framework (ESMF) for India COVID-19 Emergency Response and Health Systems Preparedness Project(P173836).pdf",1," Public Notice regarding Environment and Social Management Framework (ESMF) for India COVID-19 Emergency Response and Health Systems Preparedness Project(P173836)","OFFICIAL","OFFICIAL",19
2022-03-21,"CITIZENS"," Guidelines for Covid-19 Vaccination of Children Between 12-14 Years of Age.pdf",1," Guidelines for Covid-19 Vaccination of Children Between 12-14 Years of Age","CITIZENS","CITIZENS",11
2022-03-21,"OFFICIAL"," Guidelines for Covid-19 Vaccination of Children Between 12-14 Years of Age.pdf",1," Guidelines for Covid-19 Vaccination of Children Between 12-14 Years of Age","OFFICIAL","OFFICIAL",11
2022-06-09,"OFFICIAL"," Operational Guidelines for Revised Surveillance Strategy in context of COVID-19.pdf",1," Operational Guidelines for Revised Surveillance Strategy in context of COVID-19","OFFICIAL","OFFICIAL",10
2022-09-02,"TRAVEL_ADVISORY"," Guidelines for International arrivals (updated on 2nd September 2022).pdf",1," Guidelines for International arrivals (updated on 2nd September 2022)","TRAVEL_ADVISORY","TRAVEL_ADVISORY",9
2022-09-27,"AWARENESS"," FAQs on COVID-19 Vaccines and Vaccination program.pdf",1," FAQs on COVID-19 Vaccines and Vaccination program","AWARENESS","AWARENESS",7
2022-11-17,"TRAVEL_ADVISORY","List of Countries Regions in respect of which primary vaccination schedule completion certificate is allowed to be considered (in context of guidelines for international arrivals updated on 2nd September 2022).pdf",1,"List of Countries Regions in respect of which primary vaccination schedule completion certificate is allowed to be considered (in context of guidelines for international arrivals updated on 2nd September 2022)","TRAVEL_ADVISORY","TRAVEL_ADVISORY",30
2022-12-29,"TRAVEL_ADVISORY","Guidelines for International arrivals (updated on 29th December 2022).pdf",1,"Guidelines for International arrivals (updated on 29th December 2022)","TRAVEL_ADVISORY","TRAVEL_ADVISORY",9
2023-02-10,"TRAVEL_ADVISORY"," Guidelines for International Arrivals (updated on 10th February 2023).pdf",1," Guidelines for International Arrivals (updated on 10th February 2023)","TRAVEL_ADVISORY","TRAVEL_ADVISORY",9
